_id,fields.name
6285f49277ebf37a2d430fdc,Keyur
62da5c93c868cb01f5f9e36d,Holt
63075ac7ba61b788379425a2,
63ca5de115095593064baa7d,Admin dashboard test
63ce83519ab14db4c5e6e445,Admin Teacher
64426530e291634ab652104e,Cust Role
6585532ae05d866c56971510,Custom Role
65855401e05d866c56971514,Real Custom Role
65aa127002d69b0d6cdc2811,Ankti
661d2d8bb1589e063a4dbcb4,john
661dfbebb1589e063a4dbccf,john
661f6756a153728977cedbe8,I'm accountant
661f95b0a153728977cedc0a,jack
625b15df1b70acc69d27ad1d,Ashish
625b161f1b70acc69d27ad1f,Jack
625b16401b70acc69d27ad20,Kygo
625b168b1b70acc69d27ad22,Selena Gomez
626285eb05ac4c7248ba4f13,David Guett
6267d474822a688121ba342a,Coldplay
626928a5a61ad19ee00575b9,yguwafyiua
62693982cae9a42f50f89aea,Zara Larsson
62696770f41b83057a3fd407,aefoihae
627b720517c827ac3b5579f6,Sia
627b720517c827ac3b5579f7,Adele
627b720517c827ac3b5579f8,Harry Styles
627b744417c827ac3b5579fc,JLK
627b771fb840a874efbae17a,Jana Fernandez
627b771fb840a874efbae17b,Alexia PS
62839af9c821054af69570aa,HSR Student
62839bc7f357cbd86a9a773f,Aurora
62861873daace08fbb8bb023,Rosa Diaz
62861873daace08fbb8bb024,Ted Moseby
62a07738342833fbd7479a91,Keyur
62bec53b7769fadb278d6357,Simba
62e235803d26f984ee5aa449,Keyur
62e236103d26f984ee5aa44b,Keyur
62e238878c52e7ca02655709,Keyur
62e23bfb62f9762d76d64f71,Keyur
62f0e95f92ed23f6f3454f82,Frenkie
63060171fa6af8b366f1ee6c,Ashish
631047781b1784995d2e0b99,Delete
634ea1cb97cd52e3ea8dcb27,Pankti
636502bc78e81e1edccdaf70,Kishan
6365063a80928ab094d85d68,Anuj
63a007ec74b56bbcaef96445,
63ce25e315095593064baab4,Julian
63ce264515095593064baab5,Chris
63b831b3241aba5e6039a704,Other
63bd41e029ea164c44c46543,Maverick
63e0a4cee5349f84d2350d3f,Deletable Student
63e0a5a9e5349f84d2350d48,Deletable
63e0ae51e5349f84d2350d63,Deletable
63e390777de056a6e40bc83f,Delete
63eb1e311ec10ff8727011a3,Deleted Student
63f5f97ea1226267493040da,Delete
63fdeb74a12262674930438d,Transport
6419bf1709187650be6a3d53,Alexandra Caroline
641ad22e09187650be6a3e40,Aryan
6435591af25a75ead7f506e1,पार्थ
643562fdf25a75ead7f506f6,Bob fsdghsfh sdghfdshjgfjdhsgfhgdsfhgdhgfhgdhsgfhs
64365bd9f25a75ead7f50d03,Martin
6436617bf25a75ead7f50d17,Lennon
64366291f25a75ead7f50d1c,Kurt 
6436a6060a72eb7cf205ed6a,Steven
6436a6960a72eb7cf205ed6d,Calvin
6436ac440a72eb7cf205ed81,Julian
6436afa70a72eb7cf205ed98,Alex
6436b2480a72eb7cf205eda2,User one
6436b27d0a72eb7cf205eda3,User two
6436b2ff0a72eb7cf205eda4,User three
6436b3280a72eb7cf205eda5,User four
6436b39b0a72eb7cf205eda6,User five
643781820a72eb7cf205edc0,User six
643782030a72eb7cf205edc2,User Eight
643794120a72eb7cf205edd7,User Nine
64379de70a72eb7cf205f9b2,User seven
6437fb38e291634ab6520c4c,Selena
643957a1e291634ab6520cd4,Delete
6447d71de291634ab6521278,loki
6458e340a39bc2e5559da518,Student
646dd874add50b42413abb67,Ashish
64abaf9b9b171cc9787098e0,delete
64c1166231aaa317457be390,abcd
64c136c931aaa317457be3d6,new lead
64c1384c31aaa317457be3db,check lead
64f9bad155c3d66e019550c2,shakti
651bda678fc428afb1983930,Exited Student
651becf78fc428afb1983942,Exited Student Again
65366d61a16a834655e38a3e,inactive student
65606a8004554375a1c4081b,new stu
65606d4904554375a1c4081d,new student
65606ebc04554375a1c40822,newest students
656ec1a4b33a31a0774232e5,sync lead
656ecd1eb33a31a0774232ee,sync lead two
656f1346b33a31a077423316,lead four
656f1c0cb33a31a077423318,Akhil
656f2767b33a31a07742331a,lead three
65816590e05d866c5697136c,Sanjana
6581731fe05d866c56971381,Custom Classroom
65817be6e05d866c56971392,wewer
6582c2d0e05d866c569713ea,Active Categorized Class
6582c2d0e05d866c569713eb,Active Uncategorized Class
6582c2d0e05d866c569713ec,Active Categorized Class Uncategorized Class
6582c2d0e05d866c569713ed,Active Unassigned
6582c2d0e05d866c569713ee,Deactive Categorized Class
6582c2d0e05d866c569713ef,Deactive Uncategorized Class
6582c2d0e05d866c569713f0,Deactive Categorized Class Uncategorized Class
6582c2d0e05d866c569713f1,Deactive Unassigned
6582c2d0e05d866c569713f2,Exited Categorized Class
6582c2d0e05d866c569713f3,Exited Uncategorized Class
6582c2d0e05d866c569713f4,Exited Categorized Class Uncategorized Class
6582c2d0e05d866c569713f5,Exited Unassigned
6582c2d0e05d866c569713f6,Deleted Categorized Class
6582c2d0e05d866c569713f7,Deleted Uncategorized Class
6582c2d0e05d866c569713f8,Deleted Categorized Class Uncategorized Class
6582c2d0e05d866c569713f9,Deleted Unassigned
6582c805e05d866c56971401,Active Uncategorized Class
6584fb8de05d866c569714d6,Active Uncategorised Class
65850a8ee05d866c569714d9,Deactive Uncategorised Class
65850b40e05d866c569714da,Exited Uncategorised Class
658526f2e05d866c569714e3,Deleted Uncategorised Class
65852720e05d866c569714e4,Exited Uncategorised Class
658529ebe05d866c569714e6,Delete Uncategorised Class
6593eddc02d69b0d6cdc2024,lead one
6593f2f002d69b0d6cdc2027,lead five
6593f74702d69b0d6cdc2029,lead six
65e6eb210cbad38439987112,new fcm
65efd4cf0cbad384399871fe,name
65efd4fb0cbad384399871ff,Student 
660d2af34d7cec606e6937ed,new stud
6617e21190504673b745c21b,raju
6617e30690504673b745c21d,raju
6617e34190504673b745c21e,raju
6617e35890504673b745c21f,raju
6618195590504673b745c224,raju
6618289290504673b745c225,raju
661918f190504673b745c2ef,Itachi
6619190e90504673b745c2f0,Itachi
66191fb490504673b745c2fc,Itachii
6619211890504673b745c2fd,Avicii
6619221d90504673b745c2fe,Suman
6619244890504673b745c309,Itachi
661924aa90504673b745c30d,Itachi
661925e490504673b745c316,Itachi
66192e563ee364523a20d19f,Itachi
66192e793ee364523a20d1a0,Itachi
661931abf2edcebcfa9607e1,Goldi
66193601f2edcebcfa9607ee,Itachisdsad
66193ba3f2edcebcfa9607f3,john
661bc549f2edcebcfa960803,asdffg
661bc549f2edcebcfa960804,Raj
661bc549f2edcebcfa960805,abc
661bc555f2edcebcfa960806,xyz
661d12e2b1589e063a4dbc84,RaghuRam
661e10d5b1589e063a4dbcda,ghfgkj
661f8b24a153728977cedbfd,lead one
661f9280a153728977cedc06,wallet lead two
661f9512a153728977cedc09,Dua Lipa
662233c2a153728977cedda4,jay
6595676302d69b0d6cdc2151,RajKumar
65dc733b7f2e40c8a7a47f63,omgf
65dc733b7f2e40c8a7a47f64,omgm
65dc733b7f2e40c8a7a47f65,omgg
65e6eb210cbad38439987113,fcm father
6618537690504673b745c241,loki father
661d12e2b1589e063a4dbc85,RaghuFath
